question_id,answer,model,prompt_variant,sample_idx,is_human,grader_model,thesis_clarity,charitable_engagement,objection_handling,example_quality,precision_distinctions,constructive_contribution,argumentative_risk,problem_reframing,explanatory_unification,scope_honesty,total,timestamp
Builes-ParadoxEvidentialEquivalence-2020,"Okay, let's delve into this fascinating and perplexing problem, which draws upon Bayesian epistemology, the problem of the reference class, and the challenges inherent in dealing with infinite ensembles. The question asks whether, knowing that only finitely many coins landed heads in a room of countably infinite people flipping fair coins, our credence in our own coin landing heads should remain at 1/2 or adjust. I will argue that a rational agent, utilizing a careful application of Bayesian pri",openrouter/google/gemma-3-12b-it,answer_without_rubric,0,False,openrouter/google/gemma-3-12b-it,4,4,4,3,4,3,3,4,3,4,37,2026-01-29T20:30:19.466032
Enoch-FalseConsciousnessLiberals-2020,"## The Shadow of Adaptation: Why Adaptive Preferences Threaten Autonomy

The concept of adaptive preferences – preferences molded by the reality of one's constrained opportunities – poses a persistent challenge to our understanding of autonomy. While seemingly a sensible response to a harsh world, these preferences can subtly erode the very freedom they appear to accommodate, leading to a situation where individuals desire what they *can* have, rather than what they *would* authentically want if",openrouter/google/gemma-3-12b-it,answer_without_rubric,0,False,openrouter/google/gemma-3-12b-it,5,4,4,4,4,4,3,4,4,4,43,2026-01-29T20:30:19.466032
Franzn-EvaluativeDiscourseAffective-2020,"The argument linking the peculiar behavior of ‘find’ constructions to expressivism regarding evaluative discourse is compelling, resting on the observation of Moorean infelicities and the proposal that ‘find’ implicates a non-cognitive state. Demonstrating that the mental states licensed by 'find' are indeed non-cognitive and specifically affective, rather than simply non-cognitive belief-like states, requires a multi-faceted examination examining phenomenological experience, behavioural consequ",openrouter/google/gemma-3-12b-it,answer_without_rubric,0,False,openrouter/google/gemma-3-12b-it,4,4,4,4,5,4,3,3,4,5,44,2026-01-29T20:30:19.466032
GALLOW-CAUSALDECISIONTHEORISTS-2020,"
Okay, here's a response to the ""Death in Damascus"" challenge to Causal Decision Theory (CDT), aiming for a substantive engagement with the philosophical issues.

---

The ""Death in Damascus"" scenario presents a compelling and deeply unsettling challenge to Causal Decision Theory (CDT). The crux of the problem isn’t simply that CDT seemingly leads to counterintuitive or tragic outcomes (typically choosing Damascus), but that its recommendations appear to *shift* and become increasingly counterin",openrouter/google/gemma-3-12b-it,answer_without_rubric,0,False,openrouter/google/gemma-3-12b-it,5,4,4,4,4,3,3,4,3,4,41,2026-01-29T20:30:19.466032
ISSEROW-MORALWORTH-2020,"The question of whether acting solely from a desire to do what is morally right – a *de dicto* desire for moral action – can suffice as a motive for moral worth is a perennial challenge in ethics. The critique, characterizing such motivation as leading to moral fetishism and alienation, holds considerable intuitive force. However, I contend that while fraught with potential pitfalls, a purely dutiful motivation *can* ground morally worthy conduct, though its praiseworthiness demands a nuanced un",openrouter/google/gemma-3-12b-it,answer_without_rubric,0,False,openrouter/google/gemma-3-12b-it,4,4,4,4,4,4,3,3,3,4,39,2026-01-29T20:30:19.466032
Jenkin-EpistemicRoleCore-2020,"## The Shackles of Consciousness: Epistemic Basing Beyond Explicit Awareness

The assertion that a mental state must be consciously accompanied by awareness of its epistemic reasons to qualify as genuinely epistemically based highlights a crucial tension within contemporary epistemology. While intuitively appealing – it feels like justification requires 'knowing *why* you believe' – the implications for our understanding of modular cognitive processes are deeply problematic. To demand conscious ",openrouter/google/gemma-3-12b-it,answer_without_rubric,0,False,openrouter/google/gemma-3-12b-it,5,4,4,4,4,4,3,3,3,4,41,2026-01-29T20:30:19.466032
Koskinen-DefendingRiskAccount-2020,"## Beyond Trust: A Relational Account of Scientific Objectivity

The recent shift in philosophy of science towards viewing objectivity as fundamentally intertwined with trust, as championed by Fine and Douglas, is a valuable and necessary corrective to traditional, idealized notions. However, characterizing this link simply as “trust” risks a superficiality that obscures the complex dynamics at play. While trust is *involved*, it's not the foundational principle. Instead, I argue that a more pre",openrouter/google/gemma-3-12b-it,answer_without_rubric,0,False,openrouter/google/gemma-3-12b-it,5,4,4,4,5,5,4,4,5,4,46,2026-01-29T20:30:19.466032
Maguire-GameBelief-2020,"## The Interplay of Truth and Value in Belief Formation: Navigating Incommensurability

The question of how epistemic and practical reasons influence our beliefs, and particularly the core challenge of reconciling their apparent incommensurability, strikes at the heart of a vital contemporary debate in epistemology and moral philosophy. While the acknowledgement that both truth-seeking and value-oriented considerations shape belief formation is gaining traction, the alleged disconnect between es",openrouter/google/gemma-3-12b-it,answer_without_rubric,0,False,openrouter/google/gemma-3-12b-it,4,4,4,4,5,4,3,4,4,4,43,2026-01-29T20:30:19.466032
Smortchkova-SeeingGoalDirectedness-2020,"## The Necessary Embrace: Motor Resonance and the Perception of Goal-Directed Action

The claim that motor resonance is a necessary condition for perceiving goal-directed actions is compelling, rapidly gaining traction within philosophy and cognitive science. While alternative viewpoints exist, arguing for a purely cognitive, non-resonant account of such perception, I will contend that motor resonance, understood as the unconscious simulation of observed actions within our own motor system, play",openrouter/google/gemma-3-12b-it,answer_without_rubric,0,False,openrouter/google/gemma-3-12b-it,4,4,4,4,4,3,3,3,3,5,41,2026-01-29T20:30:19.466032
Viera-SenseTime-2020,"## The Information-Theoretic Response: How Clocks Capture Time Without Temporal Causation

The objection that time, being causally impotent, renders a sensory system for time impossible is a persistent and compelling one. It rightly points to the fundamental structure of our understanding of sensory perception: that it relies on causal interactions between external stimuli and our perceptual apparatus. The idea that time itself, a seemingly non-physical entity, could *cause* anything – impacting",openrouter/google/gemma-3-12b-it,answer_without_rubric,0,False,openrouter/google/gemma-3-12b-it,5,4,4,5,4,4,3,4,4,4,43,2026-01-29T20:30:19.466032
Builes-ParadoxEvidentialEquivalence-2020,"Your credence should drop from 1/2—indeed, it should drop all the way to 0. Given that almost every coin landed tails, what's the chance that you are one of the vanishingly few heads-flippers? The evidence that almost every coin landed tails should count as some evidence that you are one of the tail-flippers. Analogously, if you have a ticket for a lottery where almost every ticket is a losing ticket, then if the lottery is fair, you should think you probably have a losing ticket.

First, there ",human,,0,True,openrouter/google/gemma-3-12b-it,4,3,4,4,4,4,4,3,3,3,38,2026-01-29T20:30:34.225407
Enoch-FalseConsciousnessLiberals-2020,"One natural approach appeals to internal tensions within the agent, as when a specific superficial preference is in tension with deeper commitments. On Frankfurt's influential account, if one has a preference that one doesn't endorse, or that one wants not to lead one to action, then that preference may not be autonomous. At the very least, it will not be as autonomous as acting on a preference that resonates throughout one's hierarchy of higher-order desires. This may be thought of as an accoun",human,,0,True,openrouter/google/gemma-3-12b-it,4,4,4,5,4,4,3,4,3,4,41,2026-01-29T20:30:34.225407
Franzn-EvaluativeDiscourseAffective-2020,"The theory that 'find' states are non-cognitive and belong to the class of affective mental states provides a unified explanation of three distinctive features these states share with paradigmatic affective attitudes like appreciating, loving, hating, and detesting.

First, affective states are such that when they are actualized, they are connected to occurrent states with distinctive phenomenologies. Somebody who loves her family will feel a certain way when thinking about them, where 'feel' de",human,,0,True,openrouter/google/gemma-3-12b-it,5,4,4,5,4,4,3,3,4,4,43,2026-01-29T20:30:34.225407
GALLOW-CAUSALDECISIONTHEORISTS-2020,"In Death in Damascus, which act has the highest utility varies with your act probabilities. If your probability of going to Aleppo is greater than 4/5ths, then going to Damascus has higher utility. If it is less than 4/5ths, then going to Aleppo has higher utility. Conditional on you going to Aleppo, going to Damascus has a higher utility. And conditional on you going to Damascus, going to Aleppo has a higher utility. So, as soon as you start to follow CDT's advice, it will issue new recommendat",human,,0,True,openrouter/google/gemma-3-12b-it,4,4,4,5,4,3,4,4,3,3,41,2026-01-29T20:30:34.225407
ISSEROW-MORALWORTH-2020,"I want to argue that actions carried out solely from the motive of duty can have moral worth. To make this case, consider a character I will call Schmuck Finn. Schmuck has been subject to a similar upbringing to Huck Finn, and like Huck, Schmuck helps Jim escape slavery. But unlike Huck, Schmuck believes that this is the right thing to do; he has had the good fortune of reading some moral philosophy, and the strength of the arguments against racism and slavery have led him to conclude that the v",human,,0,True,openrouter/google/gemma-3-12b-it,4,3,4,5,4,4,3,2,3,3,38,2026-01-29T20:30:34.225407
Jenkin-EpistemicRoleCore-2020,"Views requiring awareness of one's reasons for the basing relation are implausible, independent of debates about modular cognition. There are convincing cases of basing on reasons in belief that do not involve any form of awareness of one's reasons. Consider cases of expertise in which knowledge is stored outside of awareness but nonetheless informs reasoning. A seasoned pilot may have learned certain principles throughout the course of her training, such as how best to angle a plane when landin",human,,0,True,openrouter/google/gemma-3-12b-it,4,4,4,5,4,3,3,3,3,4,38,2026-01-29T20:30:34.225407
Koskinen-DefendingRiskAccount-2020,"The intuition that objectivity is linked to trust is understandable and widely shared. However, this formulation requires refinement. If we distinguish between trust and reliance by saying that trust can be betrayed or let down, whereas reliance can only be disappointed, it becomes clear that when trying to identify what the different senses of objectivity have in common, we should talk about reliance instead of trust.

This distinction matters because trust is something we have toward people, a",human,,0,True,openrouter/google/gemma-3-12b-it,5,4,4,5,5,4,4,5,5,4,47,2026-01-29T20:30:34.225407
Maguire-GameBelief-2020,"Consider an analogy with chess. Suppose you are playing chess with a friend, and a passerby threatens to punch you on the nose if you advance your knight to f4. What ought you to do? Can you weigh the positional advantage in advancing your knight against the prudential disadvantage of getting punched? Yes and no. There is no chess scale on which positional advantage can be compared with the painfulness of a punch. Positional advantages in chess can be weighed against disadvantages in material, t",human,,0,True,openrouter/google/gemma-3-12b-it,5,4,4,5,5,4,3,4,4,4,43,2026-01-29T20:30:34.225407
Smortchkova-SeeingGoalDirectedness-2020,"The claim that resonance is a necessary condition for the perception of another's goal-directed action rests on the acceptance of an overly strong version of the motor theory of perception, according to which the perception of another's goal-directed action just consists in motor simulation—that is, in the simulation of the agent's bodily movements without executing them. On this assumption, one is able to perceive others' goal-directed actions only to the extent that one is able to simulate the",human,,0,True,openrouter/google/gemma-3-12b-it,4,4,4,5,4,3,3,3,4,4,41,2026-01-29T20:30:34.225407
Viera-SenseTime-2020,"The objection rests on what we might call 'the causality constraint': the view that sensory systems must gather information through causal connections with the features they represent. This constraint seems motivated by an inference to the best explanation—since sensory systems directly gather information about the environment without relying on other information-bearing psychological processes, how else could they carry information except through causal connection? To deny this would seem to co",human,,0,True,openrouter/google/gemma-3-12b-it,4,4,4,5,4,4,3,3,4,4,43,2026-01-29T20:30:34.225407
